IP Address,Login Source,Login Date & Time
110.70.47.67,Mobile,"Sep 17, 2018, 7:22:43 AM"
175.223.11.211,Mobile,"Aug 24, 2019, 8:00:01 AM"
118.43.188.194,Mobile,"Sep 14, 2019, 3:23:57 AM"
39.7.53.250,Web,"Nov 8, 2019, 2:12:36 AM"
39.7.53.250,Mobile,"Nov 8, 2019, 2:15:47 AM"
39.7.53.250,Web,"Nov 8, 2019, 2:19:37 AM"
39.7.53.250,Web,"Nov 10, 2019, 2:27:01 AM"
211.35.58.202,Web,"Nov 10, 2019, 11:42:17 AM"
110.70.58.104,Web,"Dec 10, 2019, 8:34:02 AM"
59.5.79.16,Web,"Dec 21, 2019, 1:04:40 AM"
117.111.22.5,Web,"Apr 23, 2020, 3:35:22 AM"
59.5.79.16,Web,"Apr 28, 2020, 3:11:23 PM"
117.111.5.140,Web,"May 9, 2020, 2:24:45 AM"
211.36.145.142,Web,"May 10, 2020, 12:25:21 AM"
222.109.114.144,Web,"May 10, 2020, 12:37:33 AM"
211.36.145.142,Web,"May 10, 2020, 1:24:42 AM"
125.176.240.156,Web,"May 17, 2020, 2:17:10 PM"
117.111.28.27,Web,"May 20, 2020, 2:03:09 AM"
183.78.199.47,Web,"May 22, 2020, 2:56:56 PM"
117.111.28.198,Web,"May 24, 2020, 2:55:26 PM"
125.176.240.156,Web,"May 31, 2020, 5:43:37 AM"
125.176.240.156,Web,"Jun 4, 2020, 4:15:19 PM"
125.176.240.156,Web,"Jun 6, 2020, 11:16:21 AM"
125.176.240.156,Web,"Jun 12, 2020, 11:35:53 PM"
117.111.15.3,Web,"Jun 29, 2020, 12:12:07 PM"
211.36.143.97,Web,"Jun 29, 2020, 11:24:17 PM"
211.36.143.97,Web,"Jul 2, 2020, 1:33:25 AM"
125.176.240.156,Web,"Jul 4, 2020, 1:04:06 AM"
125.176.240.156,Web,"Jul 6, 2020, 1:31:11 PM"
125.176.240.156,Web,"Jul 6, 2020, 1:32:04 PM"
125.176.240.156,Web,"Jul 6, 2020, 1:32:16 PM"
125.176.240.156,Web,"Jul 8, 2020, 9:08:59 AM"
117.111.28.16,Web,"Jul 16, 2020, 3:04:17 AM"
117.111.28.16,Web,"Jul 17, 2020, 12:09:17 AM"
118.37.96.222,Web,"Jul 19, 2020, 10:06:38 AM"
118.37.96.222,Web,"Jul 19, 2020, 10:57:02 AM"
125.176.240.156,Web,"Jul 20, 2020, 1:52:43 PM"
211.35.58.203,Web,"Jul 23, 2020, 9:51:03 AM"
211.35.58.202,Web,"Jul 23, 2020, 9:57:30 AM"
211.35.58.203,Web,"Jul 23, 2020, 12:20:24 PM"
125.176.240.156,Web,"Jul 25, 2020, 2:15:07 PM"
211.35.58.202,Web,"Jul 27, 2020, 11:43:57 AM"
125.176.240.156,Web,"Jul 29, 2020, 4:28:35 AM"
125.176.240.156,Web,"Jul 30, 2020, 11:06:25 AM"
125.176.240.156,Web,"Jul 30, 2020, 11:06:37 AM"
125.176.240.156,Web,"Jul 30, 2020, 11:06:47 AM"
117.111.5.217,Web,"Jul 31, 2020, 8:01:52 AM"
118.37.96.222,Web,"Aug 3, 2020, 5:23:06 AM"
211.36.157.149,Web,"Aug 6, 2020, 8:02:59 AM"
211.35.58.203,Web,"Aug 7, 2020, 5:51:52 AM"
117.111.14.75,Mobile,"Aug 8, 2020, 10:06:46 AM"
211.36.139.41,Web,"Aug 20, 2020, 2:48:47 PM"
211.36.142.206,Web,"Aug 27, 2020, 3:52:21 AM"
211.35.58.203,Web,"Aug 27, 2020, 4:52:50 AM"
211.35.58.203,Web,"Aug 27, 2020, 5:41:25 AM"
211.35.58.203,Web,"Aug 28, 2020, 11:41:02 AM"
211.35.58.202,Web,"Aug 31, 2020, 2:47:33 AM"
117.111.26.136,Web,"Aug 31, 2020, 4:17:26 PM"
118.37.96.222,Web,"Sep 8, 2020, 6:40:43 AM"
117.111.15.230,Web,"Sep 10, 2020, 7:53:17 AM"
118.37.96.222,Web,"Sep 10, 2020, 12:57:44 PM"
211.35.58.202,Web,"Sep 10, 2020, 1:23:55 PM"
117.111.15.230,Web,"Sep 11, 2020, 3:26:03 PM"
211.36.135.176,Web,"Sep 14, 2020, 6:40:07 AM"
211.36.135.176,Web,"Sep 14, 2020, 6:46:23 AM"
211.36.135.176,Web,"Sep 14, 2020, 7:39:07 AM"
211.36.135.176,Web,"Sep 14, 2020, 7:43:31 AM"
125.176.240.156,Web,"Sep 15, 2020, 12:29:39 PM"
211.35.58.202,Web,"Sep 16, 2020, 7:04:03 AM"
117.111.2.212,Web,"Sep 21, 2020, 7:21:02 AM"
117.111.2.212,Web,"Sep 21, 2020, 7:27:07 AM"
211.36.137.89,Web,"Sep 25, 2020, 6:12:25 AM"
211.35.58.203,Web,"Sep 26, 2020, 8:12:36 AM"
211.35.58.203,Web,"Sep 26, 2020, 8:13:40 AM"
117.111.13.30,Web,"Oct 1, 2020, 3:32:56 AM"
211.36.150.129,Web,"Oct 2, 2020, 7:12:20 AM"
211.36.150.129,Web,"Oct 3, 2020, 12:15:09 PM"
211.36.159.81,Web,"Oct 5, 2020, 8:47:38 AM"
211.36.159.81,Web,"Oct 6, 2020, 10:58:03 PM"
125.176.240.156,Web,"Oct 10, 2020, 3:50:46 PM"
211.35.58.202,Web,"Oct 15, 2020, 12:17:03 PM"
211.35.58.202,Web,"Oct 15, 2020, 2:46:44 PM"
125.176.240.156,Web,"Oct 18, 2020, 3:04:10 PM"
125.176.240.156,Web,"Oct 19, 2020, 6:12:16 AM"
125.176.240.156,Web,"Oct 19, 2020, 6:53:12 AM"
211.35.58.202,Web,"Oct 27, 2020, 11:41:38 AM"
117.111.12.68,Web,"Oct 30, 2020, 12:38:36 AM"
106.102.129.109,Web,"Nov 5, 2020, 7:46:23 AM"
211.35.58.203,Web,"Nov 7, 2020, 1:53:31 AM"
106.102.0.180,Web,"Nov 7, 2020, 10:42:30 PM"
125.176.240.156,Web,"Nov 10, 2020, 8:49:29 AM"
211.35.58.203,Web,"Nov 16, 2020, 10:48:19 AM"
121.146.57.108,Web,"Nov 28, 2020, 2:48:50 PM"
121.146.57.108,Web,"Nov 28, 2020, 2:56:55 PM"
211.36.145.85,Mobile,"Dec 18, 2020, 10:26:06 AM"
118.37.96.222,Web,"Dec 26, 2020, 12:04:32 PM"
211.36.146.187,Web,"Dec 29, 2020, 12:50:58 PM"
211.35.58.203,Web,"Jan 3, 2021, 2:14:23 PM"
118.37.96.222,Web,"Jan 10, 2021, 5:56:54 AM"
211.35.58.202,Web,"Jan 11, 2021, 11:24:06 AM"
211.36.159.72,Web,"Jan 13, 2021, 11:16:39 PM"
125.176.240.156,Web,"Jan 25, 2021, 2:20:07 AM"
211.35.58.203,Web,"Jan 26, 2021, 8:32:55 AM"
211.36.146.140,Web,"Jan 26, 2021, 9:56:51 AM"
118.37.96.222,Web,"Jan 30, 2021, 5:14:48 AM"
211.35.58.203,Web,"Jan 31, 2021, 8:47:48 AM"
118.37.96.222,Web,"Jan 31, 2021, 8:59:28 AM"
220.93.97.39,Web,"Feb 2, 2021, 9:02:11 AM"
125.176.240.156,Web,"Feb 3, 2021, 10:08:32 AM"
117.111.22.85,Web,"Feb 7, 2021, 1:18:42 PM"
117.111.22.85,Web,"Feb 8, 2021, 1:58:27 PM"
211.36.151.202,Web,"Feb 9, 2021, 4:05:40 PM"
117.111.1.1,Web,"Feb 15, 2021, 8:07:09 AM"
211.35.58.202,Web,"Feb 19, 2021, 1:46:00 AM"
211.35.58.202,Web,"Feb 20, 2021, 12:09:48 PM"
211.36.135.56,Web,"Feb 22, 2021, 1:54:14 AM"
211.36.132.182,Web,"Feb 27, 2021, 3:47:54 PM"
106.102.0.141,Web,"Mar 3, 2021, 9:44:23 AM"
117.111.27.78,Web,"Mar 6, 2021, 11:24:44 PM"
117.111.12.13,Web,"Mar 9, 2021, 6:02:44 AM"
211.35.58.203,Web,"Mar 11, 2021, 4:30:30 AM"
211.36.146.23,Web,"Mar 12, 2021, 6:58:48 AM"
211.35.58.202,Web,"Mar 14, 2021, 9:31:17 AM"
211.35.58.203,Web,"Mar 15, 2021, 7:32:58 AM"
211.35.58.202,Web,"Mar 16, 2021, 11:50:04 AM"
117.111.15.142,Web,"Mar 21, 2021, 7:59:33 AM"
117.111.15.142,Web,"Mar 21, 2021, 8:08:18 AM"
211.35.58.203,Web,"Mar 23, 2021, 6:42:09 AM"
117.111.15.142,Web,"Mar 23, 2021, 6:53:53 AM"
211.35.58.203,Web,"Mar 28, 2021, 1:17:35 AM"
211.35.58.202,Web,"Apr 1, 2021, 12:27:45 PM"
211.35.58.203,Web,"Apr 8, 2021, 1:56:42 AM"
117.111.23.254,Web,"Apr 8, 2021, 1:57:15 AM"
211.35.58.202,Web,"Apr 8, 2021, 6:57:36 AM"
117.111.23.254,Web,"Apr 16, 2021, 1:12:32 AM"
211.35.58.203,Web,"Apr 16, 2021, 5:32:01 AM"
211.35.58.203,Web,"Apr 21, 2021, 2:21:43 PM"
211.35.58.202,Web,"Apr 29, 2021, 12:10:14 PM"
211.35.58.202,Web,"May 2, 2021, 1:49:46 AM"
125.176.240.156,Web,"May 2, 2021, 10:32:59 AM"
211.36.150.10,Web,"May 6, 2021, 1:32:36 AM"
211.36.158.140,Web,"May 8, 2021, 3:41:36 PM"
125.176.240.156,Web,"May 9, 2021, 10:48:41 AM"
211.35.58.202,Web,"May 14, 2021, 3:05:44 AM"
211.35.58.202,Web,"May 15, 2021, 10:44:55 AM"
211.36.130.219,Web,"May 20, 2021, 12:47:10 AM"
125.176.240.156,Web,"May 20, 2021, 12:55:35 AM"
211.35.58.202,Web,"May 22, 2021, 1:03:44 AM"
211.36.130.219,Web,"May 25, 2021, 1:46:01 PM"
117.111.13.8,Web,"May 28, 2021, 12:40:50 AM"
117.111.13.8,Web,"May 28, 2021, 1:14:58 AM"
211.35.58.203,Web,"Jun 3, 2021, 5:04:56 AM"
211.35.58.202,Web,"Jun 3, 2021, 6:16:15 AM"
211.36.158.227,Web,"Jun 3, 2021, 1:30:09 PM"
211.35.58.203,Web,"Jun 4, 2021, 2:04:14 PM"
106.102.129.137,Web,"Jun 5, 2021, 12:59:02 AM"
106.102.129.137,Web,"Jun 5, 2021, 1:16:02 AM"
125.176.240.156,Web,"Jun 6, 2021, 2:05:51 PM"
211.35.58.203,Web,"Jun 11, 2021, 7:52:35 AM"
117.111.2.128,Web,"Jun 12, 2021, 11:38:17 PM"
117.111.28.51,Web,"Jun 15, 2021, 4:36:37 AM"
117.111.1.244,Web,"Jun 18, 2021, 9:45:10 AM"
117.111.1.244,Web,"Jun 18, 2021, 10:43:41 AM"
211.35.58.202,Web,"Jun 19, 2021, 2:20:49 AM"
117.111.17.211,Web,"Jun 22, 2021, 7:04:48 AM"
125.176.240.156,Web,"Jun 22, 2021, 3:46:48 PM"
211.35.58.203,Web,"Jun 24, 2021, 10:10:28 AM"
211.35.58.202,Web,"Jun 24, 2021, 11:35:20 AM"
117.111.24.174,Web,"Jun 29, 2021, 6:02:30 AM"
117.111.24.174,Web,"Jun 30, 2021, 9:02:30 AM"
211.36.156.103,Web,"Jul 3, 2021, 1:02:08 PM"
125.176.240.156,Mobile,"Jul 8, 2021, 6:48:01 AM"
125.176.240.156,Mobile,"Jul 8, 2021, 6:48:09 AM"
106.102.11.136,Web,"Jul 14, 2021, 4:12:53 PM"
211.36.140.137,Web,"Aug 7, 2021, 8:09:30 AM"
211.35.58.202,Web,"Aug 7, 2021, 12:36:55 PM"
211.36.140.236,Web,"Aug 10, 2021, 4:00:12 AM"
211.36.140.236,Web,"Aug 10, 2021, 11:48:58 AM"
125.176.240.156,Web,"Aug 11, 2021, 3:47:14 PM"
125.176.240.156,Web,"Aug 12, 2021, 5:36:21 AM"
125.176.240.156,Web,"Aug 12, 2021, 6:32:21 AM"
125.176.240.156,Web,"Aug 12, 2021, 6:38:00 AM"
125.176.240.156,Web,"Aug 12, 2021, 6:38:17 AM"
125.176.240.156,Web,"Aug 12, 2021, 10:01:43 AM"
115.21.59.115,Web,"Aug 15, 2021, 2:35:06 PM"
125.176.240.156,Web,"Aug 16, 2021, 10:21:17 AM"
61.39.148.3,Web,"Aug 17, 2021, 9:44:52 AM"
211.35.58.203,Web,"Aug 19, 2021, 4:11:59 PM"
211.35.58.202,Web,"Aug 20, 2021, 11:18:00 AM"
211.36.139.180,Web,"Aug 20, 2021, 11:18:16 AM"
211.35.58.203,Web,"Aug 20, 2021, 2:14:35 PM"
211.36.139.176,Web,"Aug 21, 2021, 5:53:50 AM"
211.36.139.174,Web,"Aug 22, 2021, 6:16:30 AM"
125.176.240.156,Web,"Aug 26, 2021, 9:09:23 AM"
211.35.58.202,Web,"Sep 3, 2021, 1:57:24 AM"
211.35.58.202,Web,"Sep 4, 2021, 4:01:28 PM"
125.176.240.156,Web,"Sep 6, 2021, 3:20:30 PM"
125.176.240.156,Web,"Sep 6, 2021, 3:57:31 PM"
211.35.58.203,Web,"Sep 7, 2021, 9:44:34 AM"
106.102.11.97,Web,"Sep 8, 2021, 9:07:43 AM"
125.176.240.156,Web,"Sep 10, 2021, 6:36:47 PM"
125.176.240.156,Web,"Sep 12, 2021, 6:27:27 AM"
125.176.240.156,Web,"Sep 12, 2021, 6:38:27 AM"
125.176.240.156,Web,"Sep 14, 2021, 5:50:53 PM"
211.35.58.202,Web,"Sep 16, 2021, 1:11:03 PM"
106.102.11.247,Web,"Sep 17, 2021, 12:36:29 AM"
211.35.58.203,Web,"Sep 19, 2021, 12:19:33 AM"
211.36.140.45,Web,"Sep 22, 2021, 7:20:18 AM"
125.176.240.156,Web,"Sep 23, 2021, 1:59:31 PM"
211.35.58.203,Web,"Sep 27, 2021, 7:46:29 AM"
106.102.11.63,Web,"Oct 2, 2021, 11:42:05 AM"
115.21.59.115,Web,"Oct 2, 2021, 2:00:50 PM"
115.21.59.115,Web,"Oct 2, 2021, 3:37:29 PM"
106.102.11.238,Web,"Oct 3, 2021, 11:21:24 AM"
125.176.240.156,Web,"Oct 3, 2021, 3:34:07 PM"
211.35.58.203,Web,"Oct 5, 2021, 1:51:20 AM"
125.176.240.156,Web,"Oct 8, 2021, 1:38:19 AM"
211.35.58.203,Web,"Oct 10, 2021, 11:20:53 PM"
211.35.58.202,Web,"Oct 14, 2021, 1:34:23 PM"
211.36.140.113,Web,"Oct 17, 2021, 9:51:24 AM"
106.102.11.249,Web,"Oct 23, 2021, 11:41:21 AM"
125.176.240.156,Web,"Oct 29, 2021, 7:23:51 PM"
211.35.58.202,Web,"Oct 30, 2021, 9:21:50 AM"
125.176.240.156,Web,"Nov 1, 2021, 3:15:16 PM"
211.35.58.202,Web,"Nov 3, 2021, 8:00:13 AM"
106.102.142.149,Web,"Nov 10, 2021, 1:59:48 PM"
211.36.140.29,Web,"Nov 12, 2021, 12:26:41 PM"
211.36.140.114,Web,"Nov 16, 2021, 2:41:37 AM"
211.35.58.202,Web,"Nov 16, 2021, 8:36:48 AM"
211.35.58.202,Web,"Nov 18, 2021, 3:58:08 AM"
211.36.140.47,Web,"Nov 20, 2021, 8:15:53 PM"
211.36.140.85,Web,"Nov 22, 2021, 3:18:30 AM"
125.176.240.156,Web,"Dec 1, 2021, 1:05:43 PM"
211.35.58.203,Web,"Dec 8, 2021, 4:51:58 AM"
211.35.58.202,Web,"Dec 20, 2021, 4:08:09 AM"
125.176.240.156,Web,"Dec 23, 2021, 9:07:11 AM"
125.176.240.156,Web,"Dec 27, 2021, 9:47:27 AM"
125.176.240.156,Web,"Dec 31, 2021, 3:36:25 PM"
106.102.128.27,Web,"Jan 2, 2022, 1:40:24 PM"
125.176.240.156,Web,"Jan 9, 2022, 4:57:29 PM"
106.102.128.15,Web,"Jan 16, 2022, 10:07:22 AM"
106.102.11.243,Web,"Jan 19, 2022, 1:27:57 AM"
106.102.11.147,Web,"Jan 26, 2022, 12:25:20 PM"
125.176.240.156,Web,"Feb 8, 2022, 12:34:55 PM"
125.176.240.156,Web,"Feb 9, 2022, 6:35:51 AM"
125.176.240.156,Web,"Feb 12, 2022, 3:38:53 PM"
125.176.240.156,Web,"Feb 16, 2022, 2:46:01 AM"
125.176.240.156,Web,"Feb 16, 2022, 6:04:38 AM"
211.35.58.203,Web,"Feb 18, 2022, 3:00:38 AM"
125.176.240.156,Web,"Feb 18, 2022, 12:05:34 PM"
211.35.58.203,Web,"Feb 19, 2022, 2:39:38 PM"
125.176.240.156,Web,"Feb 21, 2022, 10:34:02 PM"
115.21.60.149,Web,"Apr 4, 2022, 10:16:00 AM"
125.176.240.156,Web,"Apr 13, 2022, 1:19:28 PM"
125.176.240.156,Web,"Apr 22, 2022, 3:17:30 PM"
175.223.26.78,Web,"Apr 28, 2022, 8:16:00 AM"
39.7.47.60,Web,"May 1, 2022, 7:03:08 AM"
110.70.59.125,Web,"May 1, 2022, 7:14:09 PM"
125.176.240.156,Web,"May 16, 2022, 9:04:55 AM"
110.70.52.154,Web,"May 25, 2022, 9:35:51 AM"
125.176.240.156,Mobile,"May 25, 2022, 11:01:04 PM"
125.176.240.156,Web,"May 27, 2022, 5:01:04 AM"
125.176.240.156,Web,"May 29, 2022, 3:39:52 PM"
2001:e60:87de:53e6::7308:5510,Web,"May 30, 2022, 4:23:52 AM"
2001:e60:1097:6202:0:2c:bc6c:8401,Web,"Jun 1, 2022, 4:10:16 AM"
175.197.150.13,Web,"Jun 15, 2022, 6:05:47 AM"
125.176.240.156,Web,"Jun 16, 2022, 3:13:25 PM"
211.35.58.202,Web,"Jun 18, 2022, 12:06:03 AM"
211.35.58.203,Web,"Jun 19, 2022, 12:54:37 PM"
2001:e60:3128:bbf7::2bc9:88a5,Web,"Jun 22, 2022, 4:37:17 AM"
2001:e60:3125:45bb::2c88:58ac,Web,"Jun 26, 2022, 12:07:31 PM"
211.35.58.203,Web,"Jun 27, 2022, 12:28:51 PM"
175.197.150.13,Web,"Jun 28, 2022, 4:24:31 AM"
66.181.161.66,Web,"Jul 11, 2022, 3:23:08 AM"
2001:e60:317c:2fb9:0:48:5e37:8701,Web,"Jul 15, 2022, 2:30:34 PM"
211.35.58.203,Web,"Jul 29, 2022, 10:20:51 AM"
211.35.58.203,Web,"Aug 1, 2022, 1:28:15 AM"
2001:e60:3033:bba4:0:30:f92f:d701,Web,"Aug 9, 2022, 12:33:22 PM"
211.35.58.203,Web,"Aug 13, 2022, 1:23:36 AM"
125.176.240.156,Web,"Aug 14, 2022, 1:41:13 AM"
125.176.240.156,Web,"Aug 14, 2022, 3:31:00 AM"
211.35.58.203,Web,"Aug 18, 2022, 1:46:44 PM"
125.176.240.156,Web,"Aug 23, 2022, 10:10:03 AM"
125.176.240.156,Web,"Aug 24, 2022, 1:15:40 AM"
115.21.3.191,Web,"Sep 3, 2022, 12:44:36 PM"
220.86.33.17,Web,"Sep 5, 2022, 7:08:13 AM"
211.35.58.202,Web,"Sep 6, 2022, 3:47:16 AM"
125.176.240.156,Web,"Sep 8, 2022, 2:29:33 PM"
2001:e60:109a:cbc8:0:39:e33b:3701,Web,"Sep 11, 2022, 1:46:25 AM"
211.35.58.203,Web,"Sep 17, 2022, 10:18:12 AM"
125.176.240.156,Web,"Sep 26, 2022, 6:07:41 PM"
125.176.240.156,Web,"Oct 6, 2022, 4:58:36 PM"
211.35.58.203,Web,"Oct 8, 2022, 2:25:44 AM"
211.35.58.202,Web,"Oct 8, 2022, 5:59:49 AM"
203.142.74.244,Web,"Oct 15, 2022, 12:25:27 PM"
203.176.178.251,Web,"Oct 17, 2022, 12:00:54 PM"
125.176.240.156,Web,"Oct 23, 2022, 1:40:24 PM"
125.176.240.156,Web,"Oct 24, 2022, 1:49:31 PM"
211.35.58.202,Web,"Oct 28, 2022, 5:32:01 AM"
211.35.58.203,Web,"Oct 28, 2022, 6:22:36 AM"
220.86.33.17,Web,"Oct 28, 2022, 11:02:07 AM"
125.176.240.156,Web,"Oct 31, 2022, 1:55:53 PM"
211.35.58.203,Web,"Nov 5, 2022, 12:27:56 AM"
125.176.240.156,Web,"Nov 8, 2022, 10:09:11 AM"
125.176.240.156,Web,"Nov 11, 2022, 3:09:56 PM"
211.35.58.202,Web,"Nov 14, 2022, 10:43:37 AM"
125.176.240.156,Web,"Nov 16, 2022, 8:54:27 AM"
211.35.58.202,Web,"Nov 17, 2022, 2:28:01 AM"
211.35.58.203,Web,"Nov 18, 2022, 10:45:09 AM"
125.176.240.156,Web,"Nov 21, 2022, 5:12:11 PM"
125.176.240.156,Web,"Nov 23, 2022, 3:39:45 PM"
125.176.240.156,Web,"Nov 24, 2022, 8:50:22 AM"
220.86.33.17,Web,"Nov 26, 2022, 3:35:36 AM"
211.35.58.203,Web,"Nov 26, 2022, 10:29:48 AM"
2001:e60:317a:ae43:0:46:1d3b:9f01,Web,"Nov 26, 2022, 3:56:06 PM"
211.35.58.203,Web,"Nov 27, 2022, 5:53:33 AM"
211.35.58.202,Web,"Nov 30, 2022, 10:29:38 AM"
211.35.58.202,Web,"Dec 3, 2022, 8:03:36 AM"
211.35.58.202,Web,"Dec 4, 2022, 8:41:03 AM"
211.35.58.202,Web,"Dec 4, 2022, 10:54:47 AM"
126.236.149.9,Web,"Dec 9, 2022, 7:05:51 AM"
211.35.58.202,Web,"Dec 24, 2022, 12:46:04 PM"
125.176.240.156,Web,"Dec 25, 2022, 5:05:38 PM"
125.176.240.156,Web,"Jan 5, 2023, 6:13:10 AM"
211.35.58.202,Web,"Jan 16, 2023, 12:56:27 AM"
125.176.240.156,Web,"Jan 16, 2023, 10:24:38 AM"
125.176.240.156,Web,"Feb 6, 2023, 2:44:51 PM"
211.35.58.202,Web,"Feb 11, 2023, 12:26:54 AM"
211.35.58.203,Web,"Feb 14, 2023, 10:13:15 AM"
211.35.58.202,Web,"Feb 17, 2023, 3:42:18 AM"
125.176.240.156,Web,"Feb 18, 2023, 6:25:07 AM"
211.35.58.202,Web,"Feb 19, 2023, 11:41:28 PM"
125.176.240.156,Web,"Mar 12, 2023, 5:36:54 AM"
125.176.240.156,Web,"Apr 21, 2023, 2:41:53 PM"
125.176.240.156,Web,"May 7, 2023, 5:33:03 PM"
125.176.240.156,Web,"May 15, 2023, 3:20:29 PM"
125.176.240.156,Web,"May 15, 2023, 3:51:07 PM"
125.176.240.156,Web,"Jun 5, 2023, 12:22:15 PM"
125.176.240.156,Web,"Jun 20, 2023, 10:40:10 PM"
125.176.240.156,Web,"Jul 18, 2023, 9:25:18 AM"
211.35.58.203,Web,"Aug 1, 2023, 4:09:59 PM"
125.176.240.156,Web,"Aug 4, 2023, 5:18:18 AM"
125.176.240.156,Web,"Aug 5, 2023, 10:07:42 AM"
125.176.240.156,Web,"Aug 5, 2023, 4:12:58 PM"
125.176.240.156,Web,"Aug 17, 2023, 1:02:04 AM"
211.35.58.202,Web,"Sep 2, 2023, 1:08:13 PM"
182.230.190.177,Web,"Sep 3, 2023, 2:16:44 PM"
182.230.190.177,Web,"Sep 3, 2023, 2:20:34 PM"
211.35.58.203,Web,"Sep 9, 2023, 2:58:50 AM"
211.35.58.202,Web,"Sep 9, 2023, 3:50:27 AM"
211.35.58.203,Web,"Sep 9, 2023, 4:10:20 AM"
211.36.137.185,Web,"Sep 9, 2023, 12:23:37 PM"
220.86.33.17,Web,"Sep 19, 2023, 10:39:59 AM"
182.230.190.177,Web,"Sep 19, 2023, 12:19:46 PM"
182.230.190.177,Web,"Sep 20, 2023, 6:42:24 AM"
182.230.190.177,Web,"Sep 20, 2023, 7:27:50 AM"
182.230.190.177,Web,"Sep 20, 2023, 7:44:36 AM"
211.35.58.203,Web,"Sep 21, 2023, 5:47:01 AM"
211.35.58.202,Web,"Sep 22, 2023, 9:34:20 AM"
182.230.190.177,Web,"Sep 24, 2023, 2:15:46 PM"
182.230.190.177,Web,"Sep 26, 2023, 12:51:20 AM"
126.253.135.244,Mobile,"Oct 5, 2023, 10:26:51 AM"
182.230.190.177,Web,"Oct 13, 2023, 1:58:58 PM"
182.230.190.177,Web,"Oct 22, 2023, 7:09:22 PM"
121.141.33.115,Mobile,"Oct 25, 2023, 12:22:32 AM"
182.230.190.177,Web,"Oct 30, 2023, 4:07:44 PM"
182.230.190.177,Web,"Nov 2, 2023, 3:37:13 PM"
182.230.190.177,Web,"Nov 6, 2023, 4:42:43 PM"
182.230.190.177,Web,"Nov 6, 2023, 9:38:49 PM"
117.111.1.237,Web,"Nov 11, 2023, 9:05:39 PM"
182.230.190.177,Web,"Nov 15, 2023, 4:23:00 PM"
211.35.58.203,Web,"Nov 16, 2023, 4:55:00 AM"
211.35.58.203,Web,"Nov 17, 2023, 10:16:22 AM"
220.86.33.17,Mobile,"Nov 18, 2023, 8:23:02 AM"
211.35.58.203,Web,"Nov 27, 2023, 10:33:48 AM"
211.35.58.203,Web,"Nov 28, 2023, 2:01:00 AM"
182.230.190.177,Web,"Dec 12, 2023, 5:53:59 AM"
211.35.58.203,Web,"Dec 21, 2023, 10:24:07 AM"
211.35.58.203,Web,"Dec 22, 2023, 1:06:29 AM"
211.35.58.202,Web,"Dec 23, 2023, 1:26:13 PM"
211.35.58.203,Web,"Dec 26, 2023, 6:46:47 AM"
211.35.58.202,Web,"Dec 26, 2023, 8:39:58 AM"
182.230.190.177,Web,"Dec 29, 2023, 3:26:54 PM"
101.142.135.75,Mobile,"Jan 5, 2024, 2:13:03 PM"
111.82.11.123,Web,"Jan 6, 2024, 8:15:52 AM"
153.239.3.6,Web,"Jan 7, 2024, 4:56:52 PM"
111.82.168.189,Web,"Jan 8, 2024, 6:05:12 PM"
153.239.3.6,Web,"Jan 9, 2024, 5:09:17 AM"
153.239.3.6,Web,"Jan 9, 2024, 5:09:24 AM"
211.35.58.202,Web,"Jan 12, 2024, 1:50:57 PM"
211.35.58.203,Web,"Jan 16, 2024, 12:39:47 PM"
182.230.190.177,Web,"Jan 18, 2024, 8:22:23 AM"
211.35.58.203,Web,"Jan 19, 2024, 8:22:05 AM"
182.230.190.177,Web,"Jan 22, 2024, 11:19:51 AM"
182.230.190.177,Web,"Jan 25, 2024, 10:39:36 PM"
182.230.190.177,Web,"Feb 2, 2024, 1:49:37 PM"
182.230.190.177,Web,"Feb 3, 2024, 7:54:50 PM"
211.35.58.202,Web,"Feb 4, 2024, 1:29:04 PM"
182.230.190.177,Web,"Feb 6, 2024, 2:43:58 AM"
182.230.190.177,Web,"Feb 6, 2024, 11:18:37 PM"
182.230.190.177,Web,"Mar 5, 2024, 2:59:16 PM"
182.230.190.177,Web,"Mar 5, 2024, 8:37:35 PM"
211.35.58.202,Web,"Mar 7, 2024, 11:00:42 AM"
211.35.58.202,Web,"Mar 7, 2024, 12:53:12 PM"
211.35.58.202,Web,"Mar 10, 2024, 2:13:25 AM"
182.230.190.177,Web,"Mar 14, 2024, 8:16:27 AM"
211.35.58.202,Web,"Mar 15, 2024, 9:44:47 AM"
211.35.58.203,Web,"Mar 15, 2024, 11:46:59 PM"
153.222.232.103,Web,"Mar 20, 2024, 7:06:06 AM"
153.222.232.103,Web,"Mar 20, 2024, 8:36:12 AM"
182.230.190.177,Web,"Mar 29, 2024, 8:47:22 AM"
211.35.58.203,Web,"Mar 30, 2024, 7:07:37 AM"
182.230.190.177,Mobile,"Apr 2, 2024, 2:06:57 PM"
211.35.58.203,Web,"Apr 3, 2024, 6:52:32 AM"
182.230.190.177,Web,"Apr 8, 2024, 5:16:58 AM"
182.230.190.177,Web,"Apr 8, 2024, 5:20:07 AM"
182.230.190.177,Web,"Apr 8, 2024, 5:20:17 AM"
211.35.58.203,Web,"Apr 8, 2024, 12:11:19 PM"
2001:4430:40fe:8b6e::6ae:8f2,Web,"Apr 8, 2024, 1:10:36 PM"
211.35.58.203,Web,"Apr 8, 2024, 11:56:30 PM"
117.111.2.74,Web,"Apr 22, 2024, 5:54:50 AM"
117.111.2.215,Web,"Apr 23, 2024, 8:02:54 AM"
117.111.17.175,Web,"Apr 25, 2024, 7:02:21 AM"
182.230.190.177,Web,"May 9, 2024, 3:47:17 AM"
182.230.190.177,Web,"May 13, 2024, 7:14:49 PM"
211.35.58.203,Web,"May 14, 2024, 1:19:39 PM"
182.230.190.177,Web,"Jun 14, 2024, 4:10:55 PM"
182.230.190.177,Web,"Jun 14, 2024, 4:10:58 PM"
211.35.58.202,Web,"Jul 1, 2024, 1:39:07 PM"
2001:4430:c049:4b9d:4b5e:744:fff6:df98,Web,"Jul 13, 2024, 3:54:03 AM"
211.35.58.203,Web,"Jul 16, 2024, 8:51:00 AM"
211.35.58.203,Web,"Jul 21, 2024, 12:27:38 PM"
119.70.248.80,Web,"Jul 29, 2024, 12:40:27 PM"
119.70.248.80,Web,"Jul 30, 2024, 7:31:00 AM"
119.70.248.80,Web,"Aug 3, 2024, 3:57:05 AM"
211.35.58.202,Web,"Aug 4, 2024, 11:57:39 AM"
211.35.58.202,Web,"Aug 5, 2024, 1:47:33 AM"
211.35.58.202,Web,"Aug 9, 2024, 12:53:00 AM"
211.35.58.202,Web,"Aug 9, 2024, 1:39:41 AM"
211.35.58.202,Web,"Aug 9, 2024, 5:07:35 AM"
211.35.58.202,Web,"Aug 10, 2024, 1:03:13 PM"
211.35.58.202,Web,"Aug 17, 2024, 2:03:50 AM"
211.35.58.203,Web,"Aug 17, 2024, 9:44:08 AM"
211.35.58.202,Web,"Aug 18, 2024, 9:06:37 AM"
2001:4430:c174:d903:515:6491:adb9:190a,Web,"Aug 18, 2024, 11:57:37 PM"
211.35.58.203,Web,"Aug 22, 2024, 12:21:56 PM"
211.35.58.203,Web,"Aug 22, 2024, 11:54:23 PM"
211.35.58.203,Web,"Aug 25, 2024, 3:59:42 AM"
211.35.58.203,Web,"Aug 26, 2024, 9:53:10 AM"
211.35.58.203,Web,"Aug 26, 2024, 11:55:49 PM"
211.35.58.203,Web,"Aug 28, 2024, 11:53:08 PM"
119.70.248.80,Web,"Aug 29, 2024, 10:59:39 PM"
119.70.248.80,Web,"Aug 29, 2024, 11:13:01 PM"
211.35.58.203,Web,"Sep 10, 2024, 6:06:50 AM"
211.35.58.203,Web,"Sep 12, 2024, 1:11:21 AM"
211.35.58.202,Web,"Sep 14, 2024, 7:14:13 AM"
211.35.58.203,Web,"Sep 15, 2024, 11:47:04 AM"
211.35.58.203,Web,"Sep 18, 2024, 7:24:46 AM"
211.35.58.203,Web,"Sep 19, 2024, 10:33:54 AM"
211.35.58.203,Web,"Sep 22, 2024, 12:06:12 AM"
211.35.58.203,Web,"Sep 22, 2024, 1:25:26 AM"
211.35.58.203,Web,"Sep 23, 2024, 10:12:57 AM"
119.70.248.80,Web,"Sep 24, 2024, 4:54:51 PM"
211.35.58.203,Web,"Sep 26, 2024, 4:00:09 AM"
211.35.58.203,Web,"Sep 26, 2024, 4:26:22 AM"
211.35.58.203,Web,"Sep 27, 2024, 3:30:15 PM"
211.35.58.203,Web,"Sep 29, 2024, 12:45:25 AM"
211.35.58.203,Web,"Sep 29, 2024, 8:14:01 AM"
211.35.58.203,Web,"Sep 30, 2024, 2:28:07 AM"
119.70.248.80,Web,"Sep 30, 2024, 6:26:46 PM"
211.35.58.203,Web,"Oct 1, 2024, 11:54:38 AM"
211.35.58.203,Web,"Oct 12, 2024, 1:36:13 AM"
220.86.33.17,Web,"Oct 12, 2024, 11:47:37 AM"
2001:4430:c227:12fe:970d:a855:8cf4:2ec9,Web,"Oct 18, 2024, 1:05:42 AM"
119.70.248.80,Web,"Oct 20, 2024, 7:04:24 AM"
211.35.58.203,Web,"Oct 22, 2024, 4:24:56 AM"
211.35.58.202,Web,"Oct 23, 2024, 12:50:52 AM"
211.35.58.203,Web,"Oct 25, 2024, 1:57:13 AM"
211.35.58.203,Web,"Oct 27, 2024, 10:52:43 AM"
211.35.58.202,Web,"Oct 28, 2024, 1:09:41 AM"
211.35.58.203,Web,"Oct 29, 2024, 1:52:54 PM"
211.35.58.203,Web,"Nov 9, 2024, 12:51:11 AM"
211.35.58.203,Web,"Nov 13, 2024, 1:16:35 AM"
211.35.58.203,Web,"Nov 13, 2024, 3:53:58 AM"
211.35.58.202,Web,"Nov 13, 2024, 5:12:09 AM"
119.70.248.80,Web,"Nov 13, 2024, 3:45:25 PM"
211.35.58.202,Web,"Nov 14, 2024, 11:50:40 AM"
211.35.58.203,Web,"Nov 17, 2024, 6:13:24 AM"
211.35.58.202,Web,"Nov 17, 2024, 8:51:10 AM"
211.35.58.203,Web,"Nov 18, 2024, 9:36:31 AM"
211.35.58.203,Web,"Nov 18, 2024, 9:52:19 AM"
211.35.58.202,Web,"Nov 18, 2024, 10:57:55 AM"
211.35.58.202,Web,"Nov 18, 2024, 1:39:45 PM"
211.35.58.203,Web,"Nov 21, 2024, 2:40:38 AM"
223.118.50.73,Web,"Nov 25, 2024, 6:40:20 PM"
211.35.58.202,Web,"Nov 26, 2024, 11:19:59 AM"
211.35.58.203,Web,"Nov 26, 2024, 1:42:36 PM"
211.35.58.203,Web,"Nov 29, 2024, 5:39:05 AM"
211.35.58.202,Web,"Dec 3, 2024, 4:55:24 AM"
211.35.58.203,Web,"Dec 3, 2024, 7:15:57 AM"
211.35.58.203,Web,"Dec 4, 2024, 12:57:06 PM"
211.35.58.203,Web,"Dec 12, 2024, 10:13:34 AM"
211.35.58.202,Web,"Dec 13, 2024, 2:17:05 PM"
211.35.58.203,Web,"Dec 15, 2024, 12:31:18 AM"
211.35.58.203,Web,"Dec 16, 2024, 1:16:34 PM"
119.70.248.80,Web,"Dec 17, 2024, 12:43:38 PM"
211.35.58.202,Web,"Dec 19, 2024, 4:27:03 AM"
119.70.248.80,Web,"Dec 29, 2024, 6:07:29 AM"
119.70.248.80,Web,"Dec 29, 2024, 6:56:36 AM"
211.35.58.202,Web,"Jan 12, 2025, 5:45:28 AM"
211.35.58.202,Web,"Jan 12, 2025, 7:13:57 AM"
211.35.58.202,Web,"Jan 16, 2025, 12:17:43 AM"
211.35.58.202,Web,"Jan 16, 2025, 8:43:01 AM"
119.70.248.80,Web,"Apr 17, 2025, 7:04:10 PM"
211.35.58.202,Web,"May 8, 2025, 4:12:03 AM"
119.70.248.80,Web,"May 9, 2025, 5:22:44 AM"
211.35.58.203,Web,"May 16, 2025, 2:52:34 AM"
119.70.248.80,Web,"May 30, 2025, 8:32:10 AM"
106.101.8.17,Web,"Jun 8, 2025, 3:01:20 AM"
119.70.248.80,Web,"Jun 11, 2025, 1:16:13 PM"
106.101.1.194,Web,"Jun 13, 2025, 4:01:22 AM"
119.70.248.80,Web,"Jun 13, 2025, 10:30:36 AM"
119.70.248.80,Web,"Jun 14, 2025, 12:14:00 PM"
119.70.248.80,Web,"Jun 15, 2025, 12:55:32 AM"
119.70.248.80,Web,"Jun 17, 2025, 5:34:28 PM"
119.70.248.80,Web,"Jun 18, 2025, 2:34:04 PM"
119.70.248.80,Web,"Jun 19, 2025, 2:17:58 AM"
119.70.248.80,Web,"Jun 23, 2025, 7:04:54 PM"
119.70.248.80,Web,"Jun 28, 2025, 5:41:43 AM"
119.70.248.80,Web,"Jul 3, 2025, 1:44:02 PM"
119.70.248.80,Web,"Jul 13, 2025, 2:45:59 PM"
211.35.58.202,Web,"Aug 16, 2025, 8:25:16 AM"
211.35.58.203,Web,"Sep 21, 2025, 6:44:52 AM"
211.35.58.202,Web,"Oct 20, 2025, 12:55:56 PM"
211.35.58.202,Web,"Oct 25, 2025, 12:04:07 AM"
2001:4430:d169:878::1e7:8f2,Web,"Oct 29, 2025, 1:21:29 PM"
211.35.58.202,Web,"Nov 2, 2025, 12:19:14 AM"
2001:4430:c2c9:145:ae0a:d444:ab64:bc0c,Mobile,"Nov 4, 2025, 2:43:56 PM"
112.156.95.110,Web,"Nov 7, 2025, 9:28:53 AM"
121.171.114.19,Web,"Nov 9, 2025, 12:58:38 PM"
211.35.58.203,Web,"Nov 24, 2025, 5:31:02 AM"
115.21.60.24,Web,"Dec 15, 2025, 3:25:01 PM"
211.35.58.202,Web,"Dec 15, 2025, 4:17:19 PM"
112.156.95.110,Web,"Dec 18, 2025, 9:47:24 AM"
211.35.58.203,Web,"Dec 19, 2025, 1:22:52 PM"
112.156.95.110,Web,"Dec 28, 2025, 7:37:25 AM"
112.156.95.110,Web,"Jan 14, 2026, 10:02:41 AM"
2001:4430:d247:c7dd::a62:48f2,Web,"Feb 19, 2026, 2:07:59 AM"
112.156.95.110,Web,"Feb 23, 2026, 3:14:53 AM"
